,Name,SMILES,Molweight,calcPM1,calcPM2,calcPM3,calcNPR1,calcNPR2,calcCrippenLopP,calcCrippenMR,calcLipinskiFractionCSP3,calcLipinskiHeavyAtomCount,calcLipinskiNHOHCount,calcLipinskiNOCount,calcLipinskiNumAliphaticCarbocycles,calcLipinskiNumAliphaticHeterocycles,calcLipinskiNumAliphaticRings,calcLipinskiNumAromaticCarbocycles,calcLipinskiNumAromaticHeterocycles,calcLipinskiNumAromaticRings,calcLipinskiNumHAcceptors,calcLipinskiNumHDonors,calcLipinskiNumHeteroatoms,calcLipinskiNumRotatableBonds,calcLipinskiNumSaturatedCarbocycles,calcLipinskiNumSaturatedHeterocycles,calcLipinskiNumSaturatedRings,calcLipinskiRingCount,calcAsphericity,calcEccentricity,calcInertialShapeFactor,calcRadiusOfGyration,calcSpherocityIndex,calcTPSA
0,,,104.0626003,74.42812211,278.6624315,353.0905534,0.210790465,0.789209535,2.3296,36.533,0,8,0,0,0,0,0,1,0,1,0,0,0,1,0,0,0,1,0.500926465,0.977531268,0.010603647,1.916939791,5.28E-10,0
1,,,210.1408506,614.3112626,871.2410878,1184.372594,0.518680748,0.735614022,4.4229,69.62,0.25,16,0,0,0,0,0,2,0,2,0,0,0,4,0,0,0,2,0.137205373,0.854968001,0.001197461,2.635633104,0.338413734,0
2,,,314.2034508,1604.455303,2470.265358,3487.545757,0.460052832,0.708310523,6.5968,103.42,0.25,24,0,0,0,0,0,3,0,3,0,0,0,7,0,0,0,3,0.186421204,0.887891543,0.000441465,3.621727615,0.232936082,0
3,,,418.2660511,2089.820347,6802.567652,7542.959863,0.277055743,0.901843278,8.7707,137.22,0.25,32,0,0,0,0,0,4,0,4,0,0,0,10,0,0,0,4,0.388677404,0.960853847,0.000431541,4.623915403,0.246315712,0
4,,,522.3286513,3776.164927,8459.974674,11094.76853,0.340355449,0.762519259,10.9446,171.02,0.25,40,0,0,0,0,0,5,0,5,0,0,0,13,0,0,0,5,0.302911756,0.940296851,0.00020193,4.927552326,0.146762963,0
5,,,626.3912516,5488.671529,11053.11075,13437.26434,0.40846644,0.822571505,13.1185,204.82,0.25,48,0,0,0,0,0,6,0,6,0,0,0,16,0,0,0,6,0.222148654,0.912773338,0.000149867,5.098984699,0.310668779,0
